Arquivo , Merge-Sort, Merge-Sort-Aleatorio 
d1250000, 1167.800000 , 0.000000
d1500000, 1374.400000 , 0.000000
d2000000, 2017.600000 , 0.000000
