Arquivo , Merge-Sort, Merge-Sort-Aleatorio 
a1250000, 1380.400000 , 0.000000
a1500000, 1773.200000 , 0.000000
a2000000, 2155.600000 , 0.000000
